id,repo,provenance,tier,nQuestions,fullPct2,subjectPct2,diff,recordChars
apache_airflow__40335,apache/airflow,human,substantive,3,33.3333,0.0000,33.3333,475
apache_airflow__40627,apache/airflow,human,substantive,3,66.6667,0.0000,66.6667,790
apache_airflow__41303,apache/airflow,human,trivial,3,0.0000,0.0000,0.0000,149
apache_airflow__42458,apache/airflow,human,empty,3,0.0000,0.0000,0.0000,31
apache_airflow__44040,apache/airflow,agent,trivial,3,0.0000,0.0000,0.0000,55
apache_airflow__44386,apache/airflow,human,empty,3,0.0000,0.0000,0.0000,54
apache_airflow__44536,apache/airflow,human,substantive,3,0.0000,0.0000,0.0000,232
apache_airflow__45125,apache/airflow,human,substantive,3,33.3333,0.0000,33.3333,332
apache_airflow__46647,apache/airflow,human,empty,4,0.0000,0.0000,0.0000,34
apache_airflow__47935,apache/airflow,human,empty,3,0.0000,0.0000,0.0000,60
apache_airflow__50211,apache/airflow,human,empty,2,0.0000,0.0000,0.0000,31
apache_airflow__50960,apache/airflow,agent,substantive,4,0.0000,0.0000,0.0000,4842
apache_airflow__52428,apache/airflow,human,empty,3,0.0000,0.0000,0.0000,70
apache_airflow__52615,apache/airflow,human,empty,3,0.0000,0.0000,0.0000,22
apache_airflow__52871,apache/airflow,human,trivial,3,0.0000,0.0000,0.0000,130
apache_airflow__54487,apache/airflow,human,substantive,3,0.0000,0.0000,0.0000,183
apache_airflow__55623,apache/airflow,human,substantive,4,25.0000,0.0000,25.0000,259
apache_airflow__56077,apache/airflow,human,trivial,3,33.3333,0.0000,33.3333,135
apache_airflow__57665,apache/airflow,agent,substantive,3,33.3333,0.0000,33.3333,1259
apache_airflow__59124,apache/airflow,human,substantive,3,33.3333,0.0000,33.3333,257
apache_airflow__60274,apache/airflow,human,empty,3,0.0000,0.0000,0.0000,85
apache_airflow__60453,apache/airflow,human,empty,3,0.0000,0.0000,0.0000,41
apache_airflow__61163,apache/airflow,human,substantive,4,25.0000,0.0000,25.0000,455
apache_airflow__61527,apache/airflow,agent,substantive,3,33.3333,0.0000,33.3333,3170
apache_airflow__62501,apache/airflow,agent,empty,3,0.0000,0.0000,0.0000,59
apache_airflow__62585,apache/airflow,agent,empty,3,0.0000,0.0000,0.0000,77
apache_airflow__62665,apache/airflow,agent,substantive,3,66.6667,0.0000,66.6667,753
apache_airflow__62742,apache/airflow,agent,empty,3,0.0000,0.0000,0.0000,79
apache_airflow__62755,apache/airflow,agent,substantive,3,0.0000,0.0000,0.0000,548
apache_airflow__62835,apache/airflow,agent,substantive,3,66.6667,0.0000,66.6667,753
apache_airflow__63294,apache/airflow,agent,substantive,3,66.6667,0.0000,66.6667,240
apache_airflow__63478,apache/airflow,agent,substantive,3,100.0000,0.0000,100.0000,1586
apache_airflow__63894,apache/airflow,human,empty,3,0.0000,0.0000,0.0000,33
apache_airflow__64180,apache/airflow,human,trivial,3,0.0000,0.0000,0.0000,129
apache_airflow__64586,apache/airflow,agent,trivial,3,0.0000,0.0000,0.0000,103
apache_airflow__64752,apache/airflow,human,substantive,3,100.0000,0.0000,100.0000,1383
apache_airflow__64804,apache/airflow,agent,substantive,3,33.3333,0.0000,33.3333,670
apache_airflow__66222,apache/airflow,human,substantive,3,0.0000,0.0000,0.0000,264
apache_airflow__66553,apache/airflow,agent,substantive,3,100.0000,0.0000,100.0000,996
apache_airflow__67877,apache/airflow,human,substantive,4,75.0000,0.0000,75.0000,548
apache_airflow__68258,apache/airflow,human,substantive,3,66.6667,0.0000,66.6667,888
apache_airflow__68336,apache/airflow,agent,substantive,3,66.6667,0.0000,66.6667,818
apache_airflow__68481,apache/airflow,human,trivial,3,0.0000,0.0000,0.0000,144
apache_airflow__68869,apache/airflow,human,substantive,3,66.6667,0.0000,66.6667,1752
apache_airflow__69283,apache/airflow,agent,substantive,3,66.6667,0.0000,66.6667,1330
grafana_grafana__100227,grafana/grafana,human,trivial,3,0.0000,0.0000,0.0000,110
grafana_grafana__100409,grafana/grafana,human,substantive,3,33.3333,0.0000,33.3333,371
grafana_grafana__101884,grafana/grafana,human,substantive,3,0.0000,0.0000,0.0000,293
grafana_grafana__101929,grafana/grafana,human,trivial,3,0.0000,0.0000,0.0000,221
grafana_grafana__102974,grafana/grafana,human,empty,3,0.0000,0.0000,0.0000,31
grafana_grafana__104163,grafana/grafana,human,substantive,4,0.0000,0.0000,0.0000,455
grafana_grafana__105473,grafana/grafana,human,empty,3,0.0000,0.0000,0.0000,67
grafana_grafana__105542,grafana/grafana,human,substantive,3,0.0000,0.0000,0.0000,769
grafana_grafana__105601,grafana/grafana,human,empty,4,0.0000,0.0000,0.0000,79
grafana_grafana__105641,grafana/grafana,human,trivial,4,0.0000,0.0000,0.0000,92
grafana_grafana__108144,grafana/grafana,agent,substantive,3,0.0000,0.0000,0.0000,259
grafana_grafana__108580,grafana/grafana,human,substantive,3,0.0000,0.0000,0.0000,295
grafana_grafana__108969,grafana/grafana,human,empty,3,33.3333,33.3333,0.0000,61
grafana_grafana__108978,grafana/grafana,human,substantive,3,0.0000,0.0000,0.0000,220
grafana_grafana__109184,grafana/grafana,human,trivial,3,0.0000,0.0000,0.0000,136
grafana_grafana__109219,grafana/grafana,human,trivial,3,0.0000,0.0000,0.0000,85
grafana_grafana__109279,grafana/grafana,human,empty,4,0.0000,0.0000,0.0000,73
grafana_grafana__109601,grafana/grafana,human,substantive,3,0.0000,0.0000,0.0000,348
grafana_grafana__109618,grafana/grafana,human,empty,3,0.0000,0.0000,0.0000,61
grafana_grafana__110184,grafana/grafana,human,trivial,3,33.3333,0.0000,33.3333,169
grafana_grafana__110493,grafana/grafana,human,substantive,3,0.0000,0.0000,0.0000,579
grafana_grafana__110969,grafana/grafana,human,trivial,3,0.0000,0.0000,0.0000,319
grafana_grafana__111405,grafana/grafana,human,trivial,3,33.3333,33.3333,0.0000,149
grafana_grafana__111481,grafana/grafana,human,empty,3,0.0000,0.0000,0.0000,58
grafana_grafana__112505,grafana/grafana,agent,substantive,4,75.0000,0.0000,75.0000,8728
grafana_grafana__112534,grafana/grafana,agent,substantive,4,25.0000,0.0000,25.0000,1481
grafana_grafana__112825,grafana/grafana,human,trivial,3,0.0000,0.0000,0.0000,85
grafana_grafana__113064,grafana/grafana,human,empty,3,0.0000,0.0000,0.0000,46
grafana_grafana__113133,grafana/grafana,human,empty,3,0.0000,0.0000,0.0000,42
grafana_grafana__113480,grafana/grafana,human,trivial,3,0.0000,0.0000,0.0000,62
grafana_grafana__114047,grafana/grafana,human,trivial,3,0.0000,0.0000,0.0000,137
grafana_grafana__114824,grafana/grafana,agent,substantive,3,66.6667,0.0000,66.6667,1895
grafana_grafana__116367,grafana/grafana,human,substantive,3,0.0000,0.0000,0.0000,708
grafana_grafana__116416,grafana/grafana,human,substantive,3,33.3333,0.0000,33.3333,224
grafana_grafana__116485,grafana/grafana,human,substantive,3,0.0000,0.0000,0.0000,208
grafana_grafana__116620,grafana/grafana,human,trivial,3,0.0000,0.0000,0.0000,170
grafana_grafana__116887,grafana/grafana,agent,substantive,3,33.3333,0.0000,33.3333,2070
grafana_grafana__117003,grafana/grafana,agent,substantive,3,33.3333,0.0000,33.3333,432
grafana_grafana__117483,grafana/grafana,agent,substantive,3,100.0000,0.0000,100.0000,4120
grafana_grafana__117525,grafana/grafana,agent,substantive,3,66.6667,0.0000,66.6667,696
grafana_grafana__117889,grafana/grafana,agent,trivial,3,0.0000,0.0000,0.0000,291
grafana_grafana__118231,grafana/grafana,agent,substantive,3,66.6667,0.0000,66.6667,290
grafana_grafana__118489,grafana/grafana,human,trivial,3,0.0000,0.0000,0.0000,136
grafana_grafana__119026,grafana/grafana,human,substantive,4,0.0000,0.0000,0.0000,219
grafana_grafana__119110,grafana/grafana,agent,substantive,4,50.0000,0.0000,50.0000,937
grafana_grafana__119164,grafana/grafana,human,substantive,3,0.0000,0.0000,0.0000,233
grafana_grafana__119402,grafana/grafana,agent,substantive,4,50.0000,0.0000,50.0000,2547
grafana_grafana__119521,grafana/grafana,agent,substantive,3,66.6667,0.0000,66.6667,4559
grafana_grafana__119776,grafana/grafana,human,trivial,3,0.0000,0.0000,0.0000,85
grafana_grafana__119853,grafana/grafana,human,empty,3,0.0000,0.0000,0.0000,42
grafana_grafana__119906,grafana/grafana,agent,substantive,3,0.0000,0.0000,0.0000,1384
grafana_grafana__119918,grafana/grafana,human,substantive,4,50.0000,0.0000,50.0000,4131
grafana_grafana__119934,grafana/grafana,human,trivial,3,0.0000,0.0000,0.0000,115
grafana_grafana__120352,grafana/grafana,agent,substantive,3,33.3333,0.0000,33.3333,534
grafana_grafana__120731,grafana/grafana,agent,substantive,4,75.0000,0.0000,75.0000,831
grafana_grafana__120820,grafana/grafana,agent,substantive,3,66.6667,0.0000,66.6667,1909
grafana_grafana__120853,grafana/grafana,agent,substantive,3,100.0000,0.0000,100.0000,1671
grafana_grafana__120917,grafana/grafana,agent,substantive,3,66.6667,0.0000,66.6667,467
grafana_grafana__121002,grafana/grafana,agent,substantive,3,100.0000,0.0000,100.0000,1696
grafana_grafana__121571,grafana/grafana,human,trivial,3,0.0000,0.0000,0.0000,92
grafana_grafana__123166,grafana/grafana,agent,substantive,4,50.0000,0.0000,50.0000,995
grafana_grafana__123343,grafana/grafana,agent,substantive,3,33.3333,0.0000,33.3333,811
grafana_grafana__123358,grafana/grafana,agent,substantive,4,100.0000,0.0000,100.0000,1727
grafana_grafana__123361,grafana/grafana,agent,substantive,3,100.0000,0.0000,100.0000,549
grafana_grafana__123493,grafana/grafana,agent,substantive,3,66.6667,0.0000,66.6667,962
grafana_grafana__123519,grafana/grafana,human,empty,4,0.0000,0.0000,0.0000,40
grafana_grafana__123613,grafana/grafana,agent,substantive,3,100.0000,0.0000,100.0000,3700
grafana_grafana__123675,grafana/grafana,agent,substantive,4,100.0000,25.0000,75.0000,3200
grafana_grafana__123725,grafana/grafana,agent,substantive,3,66.6667,33.3333,33.3333,810
grafana_grafana__123797,grafana/grafana,agent,substantive,4,100.0000,25.0000,75.0000,5472
grafana_grafana__124046,grafana/grafana,agent,substantive,3,66.6667,0.0000,66.6667,805
grafana_grafana__124148,grafana/grafana,agent,substantive,4,0.0000,0.0000,0.0000,581
grafana_grafana__124162,grafana/grafana,agent,substantive,3,0.0000,0.0000,0.0000,452
grafana_grafana__124347,grafana/grafana,human,trivial,4,25.0000,0.0000,25.0000,140
grafana_grafana__124411,grafana/grafana,agent,substantive,3,66.6667,0.0000,66.6667,619
grafana_grafana__124842,grafana/grafana,agent,substantive,4,100.0000,0.0000,100.0000,2473
grafana_grafana__124844,grafana/grafana,agent,substantive,3,66.6667,0.0000,66.6667,3727
grafana_grafana__125316,grafana/grafana,agent,substantive,3,66.6667,0.0000,66.6667,551
grafana_grafana__125660,grafana/grafana,human,trivial,3,0.0000,0.0000,0.0000,55
grafana_grafana__125780,grafana/grafana,agent,substantive,3,66.6667,33.3333,33.3333,742
grafana_grafana__125811,grafana/grafana,agent,substantive,4,50.0000,0.0000,50.0000,2216
grafana_grafana__125912,grafana/grafana,agent,substantive,3,0.0000,0.0000,0.0000,740
grafana_grafana__125936,grafana/grafana,agent,substantive,3,100.0000,0.0000,100.0000,972
grafana_grafana__125945,grafana/grafana,agent,substantive,3,66.6667,0.0000,66.6667,1547
grafana_grafana__125978,grafana/grafana,agent,substantive,4,75.0000,0.0000,75.0000,1852
grafana_grafana__125986,grafana/grafana,agent,substantive,3,0.0000,0.0000,0.0000,252
grafana_grafana__126021,grafana/grafana,human,empty,3,0.0000,0.0000,0.0000,57
grafana_grafana__126104,grafana/grafana,agent,substantive,3,66.6667,0.0000,66.6667,623
grafana_grafana__126131,grafana/grafana,agent,substantive,3,0.0000,0.0000,0.0000,289
grafana_grafana__126298,grafana/grafana,human,trivial,3,0.0000,0.0000,0.0000,135
grafana_grafana__126639,grafana/grafana,agent,substantive,3,33.3333,0.0000,33.3333,851
grafana_grafana__126808,grafana/grafana,agent,substantive,3,66.6667,0.0000,66.6667,894
grafana_grafana__126905,grafana/grafana,human,empty,4,0.0000,0.0000,0.0000,50
grafana_grafana__126927,grafana/grafana,agent,substantive,3,66.6667,0.0000,66.6667,7277
grafana_grafana__127122,grafana/grafana,agent,substantive,3,33.3333,0.0000,33.3333,500
grafana_grafana__127128,grafana/grafana,agent,substantive,3,100.0000,0.0000,100.0000,11945
grafana_grafana__127262,grafana/grafana,agent,substantive,4,50.0000,0.0000,50.0000,5309
grafana_grafana__127392,grafana/grafana,human,trivial,4,0.0000,0.0000,0.0000,199
grafana_grafana__127455,grafana/grafana,agent,substantive,3,33.3333,0.0000,33.3333,353
grafana_grafana__127528,grafana/grafana,agent,substantive,3,66.6667,0.0000,66.6667,2148
grafana_grafana__127698,grafana/grafana,agent,substantive,3,100.0000,0.0000,100.0000,3244
grafana_grafana__127763,grafana/grafana,agent,substantive,3,33.3333,0.0000,33.3333,370
grafana_grafana__127828,grafana/grafana,agent,trivial,4,0.0000,0.0000,0.0000,179
grafana_grafana__128353,grafana/grafana,agent,substantive,3,66.6667,0.0000,66.6667,705
grafana_grafana__128453,grafana/grafana,agent,substantive,3,66.6667,0.0000,66.6667,1932
grafana_grafana__128689,grafana/grafana,agent,substantive,3,33.3333,0.0000,33.3333,188
grafana_grafana__128724,grafana/grafana,agent,substantive,3,100.0000,0.0000,100.0000,3726
grafana_grafana__129038,grafana/grafana,agent,substantive,3,100.0000,0.0000,100.0000,287
grafana_grafana__129375,grafana/grafana,human,empty,3,0.0000,0.0000,0.0000,67
grafana_grafana__129458,grafana/grafana,agent,substantive,3,100.0000,0.0000,100.0000,747
grafana_grafana__90442,grafana/grafana,human,substantive,3,0.0000,0.0000,0.0000,368
grafana_grafana__90650,grafana/grafana,human,trivial,3,0.0000,0.0000,0.0000,156
grafana_grafana__91189,grafana/grafana,human,substantive,3,0.0000,0.0000,0.0000,1726
grafana_grafana__91932,grafana/grafana,human,trivial,3,33.3333,0.0000,33.3333,175
grafana_grafana__92223,grafana/grafana,human,trivial,3,0.0000,0.0000,0.0000,64
grafana_grafana__92598,grafana/grafana,human,substantive,3,0.0000,0.0000,0.0000,181
grafana_grafana__92673,grafana/grafana,human,substantive,3,0.0000,0.0000,0.0000,522
grafana_grafana__92807,grafana/grafana,human,trivial,3,0.0000,0.0000,0.0000,176
grafana_grafana__94424,grafana/grafana,human,substantive,3,0.0000,0.0000,0.0000,245
grafana_grafana__95629,grafana/grafana,human,trivial,3,0.0000,0.0000,0.0000,131
grafana_grafana__98593,grafana/grafana,human,substantive,3,0.0000,0.0000,0.0000,148
grafana_grafana__98727,grafana/grafana,human,empty,3,0.0000,0.0000,0.0000,34
grafana_grafana__99762,grafana/grafana,human,empty,4,0.0000,0.0000,0.0000,60
grafana_grafana__99804,grafana/grafana,human,trivial,3,0.0000,0.0000,0.0000,207
langchain-ai_langchain__25562,langchain-ai/langchain,human,empty,3,0.0000,0.0000,0.0000,74
langchain-ai_langchain__27946,langchain-ai/langchain,human,substantive,3,0.0000,0.0000,0.0000,437
langchain-ai_langchain__30451,langchain-ai/langchain,human,substantive,3,33.3333,0.0000,33.3333,990
langchain-ai_langchain__31858,langchain-ai/langchain,human,trivial,3,0.0000,0.0000,0.0000,70
langchain-ai_langchain__31913,langchain-ai/langchain,human,substantive,3,100.0000,0.0000,100.0000,1250
langchain-ai_langchain__32074,langchain-ai/langchain,agent,substantive,3,100.0000,0.0000,100.0000,1999
langchain-ai_langchain__32162,langchain-ai/langchain,agent,substantive,3,33.3333,0.0000,33.3333,2316
langchain-ai_langchain__32236,langchain-ai/langchain,agent,substantive,3,66.6667,0.0000,66.6667,805
langchain-ai_langchain__32910,langchain-ai/langchain,agent,trivial,3,0.0000,0.0000,0.0000,64
langchain-ai_langchain__33106,langchain-ai/langchain,human,trivial,3,33.3333,0.0000,33.3333,148
langchain-ai_langchain__33121,langchain-ai/langchain,human,trivial,2,0.0000,0.0000,0.0000,58
langchain-ai_langchain__33163,langchain-ai/langchain,human,substantive,2,0.0000,0.0000,0.0000,181
langchain-ai_langchain__33264,langchain-ai/langchain,human,substantive,3,0.0000,0.0000,0.0000,1198
langchain-ai_langchain__37602,langchain-ai/langchain,human,substantive,3,66.6667,33.3333,33.3333,499
prisma_prisma__1017,prisma/prisma,agent,substantive,4,100.0000,0.0000,100.0000,9366
prisma_prisma__1042,prisma/prisma,agent,substantive,3,33.3333,0.0000,33.3333,2043
prisma_prisma__232,prisma/prisma,agent,substantive,3,100.0000,0.0000,100.0000,14274
prisma_prisma__797,prisma/prisma,agent,substantive,3,33.3333,0.0000,33.3333,3117
prisma_prisma__817,prisma/prisma,agent,substantive,4,75.0000,0.0000,75.0000,11944
prisma_prisma__826,prisma/prisma,agent,substantive,4,25.0000,0.0000,25.0000,7773
prisma_prisma__829,prisma/prisma,agent,substantive,3,33.3333,0.0000,33.3333,3327
prisma_prisma__845,prisma/prisma,agent,substantive,4,100.0000,0.0000,100.0000,5108
prisma_prisma__868,prisma/prisma,agent,substantive,3,66.6667,0.0000,66.6667,6191
prisma_prisma__912,prisma/prisma,agent,substantive,4,50.0000,0.0000,50.0000,5914
prisma_prisma__969,prisma/prisma,agent,substantive,3,100.0000,33.3333,66.6667,7187
prisma_prisma__991,prisma/prisma,agent,substantive,3,100.0000,0.0000,100.0000,3272
supabase_supabase__28291,supabase/supabase,human,trivial,3,0.0000,0.0000,0.0000,90
supabase_supabase__28553,supabase/supabase,human,substantive,4,25.0000,0.0000,25.0000,615
supabase_supabase__29914,supabase/supabase,human,trivial,3,0.0000,0.0000,0.0000,98
supabase_supabase__30280,supabase/supabase,human,substantive,4,0.0000,0.0000,0.0000,163
supabase_supabase__30563,supabase/supabase,human,trivial,3,0.0000,0.0000,0.0000,112
supabase_supabase__30572,supabase/supabase,human,substantive,4,0.0000,0.0000,0.0000,855
supabase_supabase__30849,supabase/supabase,human,trivial,3,0.0000,0.0000,0.0000,98
supabase_supabase__32549,supabase/supabase,human,substantive,4,25.0000,0.0000,25.0000,214
supabase_supabase__32613,supabase/supabase,human,trivial,3,0.0000,0.0000,0.0000,169
supabase_supabase__33957,supabase/supabase,human,substantive,4,0.0000,0.0000,0.0000,397
supabase_supabase__36291,supabase/supabase,human,trivial,3,0.0000,33.3333,-33.3333,125
supabase_supabase__36732,supabase/supabase,human,substantive,3,33.3333,0.0000,33.3333,1300
supabase_supabase__37337,supabase/supabase,human,substantive,4,50.0000,0.0000,50.0000,1096
supabase_supabase__37601,supabase/supabase,human,substantive,3,0.0000,0.0000,0.0000,396
supabase_supabase__38479,supabase/supabase,human,trivial,3,0.0000,0.0000,0.0000,113
supabase_supabase__39296,supabase/supabase,agent,substantive,2,0.0000,0.0000,0.0000,310
supabase_supabase__39834,supabase/supabase,agent,substantive,4,0.0000,0.0000,0.0000,905
supabase_supabase__39892,supabase/supabase,agent,substantive,4,0.0000,0.0000,0.0000,1030
supabase_supabase__40252,supabase/supabase,human,trivial,4,0.0000,0.0000,0.0000,126
supabase_supabase__41893,supabase/supabase,agent,substantive,3,0.0000,0.0000,0.0000,1423
supabase_supabase__42071,supabase/supabase,agent,substantive,3,0.0000,0.0000,0.0000,919
supabase_supabase__43140,supabase/supabase,agent,substantive,4,0.0000,0.0000,0.0000,1173
supabase_supabase__43530,supabase/supabase,human,substantive,2,50.0000,0.0000,50.0000,1514
supabase_supabase__43790,supabase/supabase,agent,substantive,3,33.3333,0.0000,33.3333,3619
supabase_supabase__43862,supabase/supabase,agent,substantive,3,33.3333,0.0000,33.3333,911
supabase_supabase__43877,supabase/supabase,agent,substantive,3,0.0000,0.0000,0.0000,834
supabase_supabase__43930,supabase/supabase,human,substantive,4,0.0000,0.0000,0.0000,599
supabase_supabase__43967,supabase/supabase,agent,substantive,3,100.0000,0.0000,100.0000,1376
supabase_supabase__43998,supabase/supabase,agent,substantive,3,33.3333,33.3333,0.0000,1058
supabase_supabase__44168,supabase/supabase,human,substantive,3,33.3333,0.0000,33.3333,1053
supabase_supabase__44233,supabase/supabase,agent,substantive,3,0.0000,0.0000,0.0000,489
supabase_supabase__44328,supabase/supabase,agent,substantive,4,25.0000,0.0000,25.0000,6640
supabase_supabase__44515,supabase/supabase,human,substantive,3,100.0000,0.0000,100.0000,1974
supabase_supabase__45326,supabase/supabase,agent,substantive,3,66.6667,0.0000,66.6667,1927
supabase_supabase__45448,supabase/supabase,human,substantive,3,0.0000,0.0000,0.0000,1024
supabase_supabase__46054,supabase/supabase,agent,substantive,3,33.3333,0.0000,33.3333,1566
supabase_supabase__46095,supabase/supabase,agent,substantive,3,0.0000,0.0000,0.0000,2847
supabase_supabase__46147,supabase/supabase,agent,substantive,3,66.6667,33.3333,33.3333,2260
supabase_supabase__46150,supabase/supabase,agent,substantive,3,0.0000,0.0000,0.0000,1334
supabase_supabase__46232,supabase/supabase,agent,substantive,3,33.3333,0.0000,33.3333,1493
supabase_supabase__46241,supabase/supabase,agent,substantive,3,33.3333,0.0000,33.3333,2830
supabase_supabase__46266,supabase/supabase,agent,substantive,3,33.3333,0.0000,33.3333,1651
supabase_supabase__46741,supabase/supabase,human,substantive,3,66.6667,0.0000,66.6667,1239
supabase_supabase__46830,supabase/supabase,agent,substantive,3,100.0000,0.0000,100.0000,2079
supabase_supabase__46960,supabase/supabase,agent,substantive,4,75.0000,0.0000,75.0000,2405
supabase_supabase__46967,supabase/supabase,agent,substantive,3,0.0000,0.0000,0.0000,1180
supabase_supabase__47026,supabase/supabase,agent,substantive,3,66.6667,0.0000,66.6667,1534
supabase_supabase__47067,supabase/supabase,human,substantive,3,0.0000,0.0000,0.0000,2228
supabase_supabase__47264,supabase/supabase,agent,substantive,4,50.0000,0.0000,50.0000,2086
supabase_supabase__47630,supabase/supabase,agent,substantive,3,66.6667,0.0000,66.6667,1417
supabase_supabase__47761,supabase/supabase,human,substantive,3,66.6667,0.0000,66.6667,1604
supabase_supabase__47954,supabase/supabase,human,substantive,3,66.6667,0.0000,66.6667,1379
supabase_supabase__48037,supabase/supabase,agent,substantive,4,50.0000,0.0000,50.0000,1953
supabase_supabase__48142,supabase/supabase,agent,substantive,3,66.6667,0.0000,66.6667,1820
supabase_supabase__48320,supabase/supabase,agent,substantive,3,66.6667,0.0000,66.6667,3713
