repo,area,coverage,questions,commits_scored
grafana/grafana,public/app/features/dashboard-scene,0.12,25,8
grafana/grafana,pkg/tsdb,0.28,25,8
grafana/grafana,pkg/api,0.4,25,8
grafana/grafana,pkg/registry,0.16,25,8
grafana/grafana,pkg/services,0.385,26,8
grafana/grafana,public,0.48,25,8
grafana/grafana,public/app/plugins,0.185,27,8
grafana/grafana,docs,0.167,24,8
grafana/grafana,public/app/features,0.208,24,8
grafana/grafana,packages,0.167,24,8
grafana/grafana,apps,0.148,27,8
grafana/grafana,(root),0.296,27,8
grafana/grafana,public/app/core,0.107,28,8
grafana/grafana,public/app/features/dashboard,0.259,27,8
grafana/grafana,public/app/types,0.185,27,8
grafana/grafana,public/locales,0.16,25,8
grafana/grafana,pkg/aggregator,0.077,26,8
grafana/grafana,pkg/apimachinery,0.28,25,8
grafana/grafana,pkg/apiserver,0.24,25,8
grafana/grafana,pkg/codegen,0.148,27,8
grafana/grafana,pkg/promlib,0.222,27,8
grafana/grafana,pkg/storage,0.231,26,8
grafana/grafana,public/app/features/alerting,0.2,25,8
grafana/grafana,devenv,0.111,27,8
grafana/grafana,public/app/features/browse-dashboards,0.107,28,8
grafana/grafana,public/test,0.179,28,8
grafana/grafana,public/app/features/auth-config,0.207,29,8
grafana/grafana,public/app/features/trails,0.12,25,8
grafana/grafana,pkg/tests,0.148,27,8
grafana/grafana,e2e,0.107,28,8
grafana/grafana,pkg/infra,0.259,27,8
grafana/grafana,pkg/server,0.179,28,8
grafana/grafana,conf,0.2,25,8
grafana/grafana,pkg/setting,0.308,26,8
grafana/grafana,pkg/plugins,0.12,25,8
grafana/grafana,pkg/apis,0.231,26,8
grafana/grafana,pkg/login,0.231,26,8
grafana/grafana,.github,0.192,26,8
grafana/grafana,public/app/features/transformers,0.2,25,8
grafana/grafana,public/app/features/explore,0.407,27,8
grafana/grafana,public/app/features/logs,0.375,24,8
grafana/grafana,public/app/features/plugins,0.208,24,8
grafana/grafana,pkg/middleware,0.25,28,8
grafana/grafana,pkg/util,0.138,29,8
grafana/grafana,public/app/features/manage-dashboards,0.038,26,8
grafana/grafana,public/app/features/variables,0.154,26,8
grafana/grafana,scripts,0.222,27,8
grafana/grafana,.bingo,0,25,8
grafana/grafana,public/img,0.24,25,8
grafana/grafana,pkg/cmd,0.24,25,8
grafana/grafana,pkg/kinds,0.28,25,8
grafana/grafana,public/app,0.2,25,8
grafana/grafana,public/app/features/search,0.423,26,8
grafana/grafana,public/app/features/query,0.04,25,8
grafana/grafana,public/app/routes,0.038,26,8
grafana/grafana,pkg,0.071,28,8
grafana/grafana,hack,0,10,3
grafana/grafana,public/app/features/migrate-to-cloud,0.28,25,8
grafana/grafana,contribute,0.25,24,8
grafana/grafana,public/app/features/canvas,0.32,25,8
grafana/grafana,public/app/angular,0.179,28,8
grafana/grafana,public/app/features/datasources,0.111,27,8
grafana/grafana,pkg/expr,0.36,25,8
grafana/grafana,public/app/features/admin,0.24,25,8
grafana/grafana,kinds,0.222,27,8
grafana/grafana,public/views,0.192,26,8
grafana/grafana,pkg/modules,0.143,28,8
grafana/grafana,public/app/features/connections,0.44,25,8
grafana/grafana,public/sass,0.16,25,8
grafana/grafana,pkg/web,0.273,22,7
apache/airflow,airflow/ui,0.259,27,8
apache/airflow,airflow/api_connexion,0.12,25,8
apache/airflow,airflow/auth,0.28,25,8
apache/airflow,airflow/www,0.28,25,8
apache/airflow,newsfragments,0.519,27,8
apache/airflow,providers,0.375,24,8
apache/airflow,tests/auth,0.471,17,5
apache/airflow,.github,0.308,26,8
apache/airflow,docs,0.4,25,8
apache/airflow,(root),0.417,24,8
apache/airflow,scripts,0.28,25,8
apache/airflow,dev,0.333,24,8
apache/airflow,airflow/api_fastapi,0.115,26,8
apache/airflow,tests/api_fastapi,0.241,29,8
apache/airflow,chart,0.4,25,8
apache/airflow,helm_tests,0.346,26,8
apache/airflow,airflow/dag_processing,0.346,26,8
apache/airflow,tests/dag_processing,0.542,24,8
apache/airflow,airflow/config_templates,0.48,25,8
apache/airflow,airflow/jobs,0.2,25,8
apache/airflow,contributing-docs,0.333,24,8
apache/airflow,tests_common,0.357,28,8
apache/airflow,airflow/utils,0.346,26,8
apache/airflow,airflow/migrations,0.458,24,8
apache/airflow,airflow/models,0.292,24,8
apache/airflow,tests/api_connexion,0.269,26,8
apache/airflow,tests/jobs,0.44,25,8
apache/airflow,tests/models,0.28,25,8
apache/airflow,tests/sensors,0.148,27,8
apache/airflow,tests,0.52,25,8
apache/airflow,tests/www,0.308,26,8
apache/airflow,airflow/cli,0.385,26,8
apache/airflow,airflow,0.423,26,8
apache/airflow,task_sdk,0.4,25,8
apache/airflow,tests/dags,0.179,28,8
apache/airflow,tests/cli,0.385,26,8
apache/airflow,airflow/executors,0.231,26,8
apache/airflow,tests/executors,0.25,28,8
apache/airflow,tests/utils,0.25,24,8
apache/airflow,tests/core,0.296,27,8
apache/airflow,airflow/lineage,0.296,27,8
apache/airflow,airflow/api,0.115,26,8
apache/airflow,airflow/decorators,0.458,24,8
apache/airflow,airflow/serialization,0.222,27,8
apache/airflow,airflow/ti_deps,0.375,24,8
apache/airflow,tests/decorators,0.385,26,8
apache/airflow,tests/serialization,0.231,26,8
apache/airflow,tests/always,0.192,26,8
apache/airflow,airflow/sensors,0.36,25,8
apache/airflow,airflow/example_dags,0.259,27,8
apache/airflow,airflow/task,0.37,27,8
apache/airflow,airflow/operators,0.444,27,8
apache/airflow,kubernetes_tests,0.192,26,8
apache/airflow,tests/operators,0.52,25,8
apache/airflow,airflow/hooks,0.188,16,5
apache/airflow,airflow/metrics,0.32,25,8
apache/airflow,airflow/timetables,0.2,25,8
apache/airflow,docker_tests,0.5,26,8
apache/airflow,airflow/assets,0.333,27,8
apache/airflow,airflow/triggers,0.143,28,8
apache/airflow,clients,0.429,21,6
apache/airflow,airflow/datasets,0.12,25,8
apache/airflow,tests/integration,0.36,25,8
apache/airflow,tests/system,0.111,27,8
apache/airflow,airflow/listeners,0.208,24,7
apache/airflow,airflow/io,0.2,25,8
supabase/supabase,apps/studio,0.167,24,8
supabase/supabase,packages,0.25,28,8
supabase/supabase,apps/docs,0.24,25,8
supabase/supabase,apps/docs/content,0.091,22,8
supabase/supabase,apps/docs/spec,0.077,26,8
supabase/supabase,apps/www/_blog,0.043,23,8
supabase/supabase,docker,0.143,21,8
supabase/supabase,apps/www/components,0,26,8
supabase/supabase,apps/docs/components,0.115,26,8
supabase/supabase,apps/www/lib,0.214,28,8
supabase/supabase,(root),0.069,29,8
supabase/supabase,apps/design-system,0.08,25,8
supabase/supabase,.github,0.269,26,8
supabase/supabase,apps/docs/lib,0.308,26,8
supabase/supabase,apps/www/data,0.111,27,8
supabase/supabase,apps/www/pages,0.192,26,8
supabase/supabase,tests,0.038,26,8
supabase/supabase,apps/docs/scripts,0.185,27,8
supabase/supabase,apps/docs/public,0.077,26,8
supabase/supabase,apps/docs/features,0.241,29,8
supabase/supabase,apps/www,0.24,25,8
supabase/supabase,examples,0.231,26,8
supabase/supabase,apps/www/public,0.192,26,8
supabase/supabase,apps/docs/app,0.346,26,8
supabase/supabase,apps/docs/docs,0.136,22,8
supabase/supabase,i18n,0.214,14,5
supabase/supabase,apps/www/_customers,0.043,23,8
supabase/supabase,apps/www/_events,0.133,15,4
supabase/supabase,apps/www/styles,0.037,27,8
supabase/supabase,apps/docs/internals,0.13,23,7
supabase/supabase,apps/docs/layouts,0.154,26,8
supabase/supabase,supabase,0.111,27,8
supabase/supabase,apps/docs/styles,0.214,28,8
supabase/supabase,apps/docs/types,0.071,14,4
supabase/supabase,apps/www/supabase,0,17,5
supabase/supabase,apps/docs/data,0,10,3
langchain-ai/langchain,libs/core,0.348,23,8
langchain-ai/langchain,docs/docs/integrations,0.077,26,8
langchain-ai/langchain,libs/partners,0.08,25,8
langchain-ai/langchain,docs/docs/how_to,0.227,22,8
langchain-ai/langchain,libs,0.154,26,8
langchain-ai/langchain,libs/text-splitters,0.304,23,8
langchain-ai/langchain,libs/community,0.48,25,8
langchain-ai/langchain,libs/standard-tests,0.296,27,8
langchain-ai/langchain,libs/langchain/langchain/embeddings,0.111,27,8
langchain-ai/langchain,libs/langchain/langchain/indexes,0.32,25,8
langchain-ai/langchain,libs/langchain,0.154,26,8
langchain-ai/langchain,.github,0.5,22,8
langchain-ai/langchain,docs,0.154,26,8
langchain-ai/langchain,libs/langchain/langchain/agents,0.2,25,8
langchain-ai/langchain,libs/langchain/langchain/callbacks,0.111,27,8
langchain-ai/langchain,libs/langchain/langchain/chains,0.214,28,8
langchain-ai/langchain,libs/langchain/langchain/chat_models,0.192,26,8
langchain-ai/langchain,libs/langchain/langchain/evaluation,0.167,24,8
langchain-ai/langchain,libs/langchain/langchain/memory,0.32,25,8
langchain-ai/langchain,libs/langchain/langchain/retrievers,0.346,26,8
langchain-ai/langchain,libs/langchain/langchain/smith,0.292,24,8
langchain-ai/langchain,libs/langchain/tests,0.44,25,8
langchain-ai/langchain,libs/langchain/langchain,0.231,26,8
langchain-ai/langchain,(root),0.192,26,8
langchain-ai/langchain,docs/docs/concepts,0.227,22,8
langchain-ai/langchain,docs/docs/tutorials,0.15,20,8
langchain-ai/langchain,docs/scripts,0.038,26,8
langchain-ai/langchain,libs/cli,0.231,26,8
langchain-ai/langchain,docs/src,0.143,21,8
langchain-ai/langchain,cookbook,0.071,28,8
langchain-ai/langchain,libs/langchain/langchain/_api,0.038,26,8
langchain-ai/langchain,docs/docs/contributing,0.333,24,8
langchain-ai/langchain,docs/docs/additional_resources,0.25,24,8
langchain-ai/langchain,docs/docs,0.136,22,8
langchain-ai/langchain,docs/api_reference,0.174,23,8
langchain-ai/langchain,docs/static,0.037,27,8
langchain-ai/langchain,docs/docs/versions,0.192,26,8
langchain-ai/langchain,libs/langchain/langchain/output_parsers,0.087,23,8
langchain-ai/langchain,libs/experimental,0.24,25,8
langchain-ai/langchain,libs/langchain/langchain/tools,0.037,27,8
langchain-ai/langchain,libs/langchain/langchain/utilities,0.308,26,8
langchain-ai/langchain,libs/langchain/langchain/vectorstores,0.25,24,8
langchain-ai/langchain,libs/langchain/langchain/document_loaders,0.32,25,8
langchain-ai/langchain,libs/langchain/langchain/storage,0.231,26,8
langchain-ai/langchain,libs/langchain/langchain/llms,0.44,25,8
langchain-ai/langchain,libs/langchain/langchain/utils,0.208,24,8
langchain-ai/langchain,libs/langchain/langchain/chat_loaders,0.308,26,8
langchain-ai/langchain,libs/langchain/langchain/graphs,0.083,24,8
langchain-ai/langchain,libs/langchain/langchain/prompts,0.48,25,8
langchain-ai/langchain,libs/langchain/langchain/document_transformers,0.269,26,8
langchain-ai/langchain,libs/langchain/langchain/schema,0.077,26,8
